patentnummer,klass,IPC,patenthavare_antal,patenthavare1,patenthavare1_adress,patenthavare1_stad,patenthavare1_land,patenthavare_typ,patenthavare_typ_av_skrivet,ombud,ombud_adress,patenttid_fr,patenttid_till,beviljandedatum,utgångsdatum,utgångsår,utgångsskäl,ansökingsnr,sistaerlagdapatentåravgifter_datum,sistaerlagdapatentåravgifter_belopp,sistaerlagdapatentåravgifter_text,sista_aviserat_datum,sista_aviserat_år,uppfinningensbenämning,uppfinningensbenämning_typ,uppfinnare_antal,uppfinnare1,uppfinnare2,prioritet,prioritetsdatum,prioritetsnummer,prioritetsland,patentöverföring,licensupplåtelse,tilläggspatent,ombudsbyte,uppfinnare3,ansökingsdatum,uppfinnare1_stad,överföringsdatum,tidigare_patenthavare,tidigare_patenthavare_address,tidigare_patenthavare_stad,tidigare_patenthavare_land,tidigare_ombud,ombudsbytesdatum,tilläggspatentnummer,patenthavare2,patenthavare2_adress,patenthavare2_stad,patenthavare2_land,patenthavare3,patenthavare3_stad,patenthavare3_land,uppfinnare4,uppfinnare1_adress,uppfinnare1_land,uppfinnare2_adress,uppfinnare2_stad,uppfinnare2_land,ansökningen_utlagd_den_patentkravsigifterna,potential_wrong_expiration_date
160015,,,1,N.V. Philips' Gloeilampenfabrieken,Eindhoven,Eindhoven,Nederländerna,company,typed,Ingenjören S. Åkesson,Stockholm,1955-07-30,1972-07-31,1957-06-05,1978-02-23,1978,Expiration of patent time,7012/1955,1968-06-24,550.00,24-JUN-68 0665 14 160015 2 550.00,1969-08-15,1969.0,Slaggblidande kropp för användning vid bultsvetsning.,typed,2,W.P. van den Blink,E.H. Ettema,TRUE,1954-08-03,,Nederländerna.,FALSE,FALSE,FALSE,FALSE,,,,,,,,,,,,,,,,,,,,,,,,,,0
359016,A01G23/08,A01G 23/08,1,Brundell och Jonsson AB,"Gävle, SW",Gävle,SW,company,typed,S Modin m. fl.,N/A,1972-06-19,1989-06-20,1973-11-29,1980-01-10,1980,Lack of payment of fees,8067/72,1979-05-19,400.00,"19MAI, *16554, *7359016 *****, 400.00",1979-07-03,1979.0,Trädfällningsanordning,typed,1,A. Mätlik,,FALSE,,,,FALSE,FALSE,FALSE,FALSE,,,,,,,,,,,,,,,,,,,,,,,,,,0
372046,E 01 c 7/32,E 01 c 7/32,1,E.I. du de Nemours and Co.,"Wilmington, Del.",Wilmington,US,company,typed,Larfeldt m. fl.,,1969-10-29,1986-10-29,1975-03-20,1981-11-17,1981,Lack of payment of fees,6914790-8,1980-09-15,1000.00,15SEP 2 15179 ********* 12372046 ********* 1.000.00,1981-11-17,1981.0,Flerskiktsstruktur,typed,3,"R H Barton, Ridgewood, N.J.","M I Brown, Elkton, Md.",TRUE,1968-10-30,771993,US,FALSE,FALSE,FALSE,FALSE,"A Mitchell, Newark, Del.",,,,,,,,,,,,,,,,,,,,,,,,,0
190090,-,-,1,Fabrikör Karl Erik Nilssen,Lidingö,Lidingö,Sverige,individual,typed,Sköld,-,1961-01-19,1978-01-20,1964-01-23,1975-08-11,1975,Lack of payment of fees,506,1975-01-15,550.00,15 JAN 75 18406 14190090 *****550,1975-02-14,1975.0,Lyftanordning för styckegods,typed,1,Patenthavaren,,FALSE,,,,FALSE,FALSE,FALSE,FALSE,,1961-01-19,,,,,,,,,,,,,,,,,,,,,,,,0
349006,B 65 g 1/02,B65G 1/02,1,Palmer-Shile Company,"Detroit, Mich.",Detroit,USA,company,typed,Hjälme m. fl. Ferkinghoff,,1970-04-28,1987-04-29,1973-01-04,1985-11-14,1985,Lack of payment of fees,05834/70,1982-03-22,1000.00,22FEB e n 22800 *113 9006 ******1000.00,1985-09-25,1985.0,Förvaringsställ,typed,1,"J J O'Dette, Livonia, Mich.",,TRUE,1969-05-01,"820853,854497",USA,FALSE,FALSE,FALSE,FALSE,,,,,,,,,,,,,,,,,,,,,,,,,,0
361013,B 60 n 1/02,B60N1/02,1,Walter Massmann,"Köln-Lindenthal, DT",Köln,DT,individual,typed,Ström m.fl.,,1969-06-18,1986-06-19,1974-01-24,1977-01-20,1977,Lack of payment of fees,8650/69,1973-04-04,300.00,P-4APR-1030c-7361013-300.00,1976-07-26,1976.0,"Inställningsanordning, i synnerhet för fordonsäten, vilka uppbäres av fordonets golv, genom två, såsom en länkfyrhörning arbetande, vippelementpar",typed,2,H Lewer,R Frohhaus,TRUE,1968-06-20,1755768,DT,FALSE,FALSE,FALSE,FALSE,,,Solingen,,,,,,,,,,,,,,,,,,,,,,,0
359003,H 02 p 5/36,H 02 P 5/36,1,Siemens AG,Berlin och Munchen,Berlin och Munchen,DT,company,typed,Larfeldt m.fl.,,1969-02-06,1986-02-07,1973-11-22,1977-09-12,1977,Lack of payment of fees,1585/69,1971-01-27,350.00,"27 JAN 116386 8359003 350,00",1977-03-10,1977.0,Anordning för fältreglering av en asynkronmaskin,typed,2,F Blaschke,G Hütter,TRUE,1968-02-07,1638650,DT,FALSE,FALSE,FALSE,FALSE,,,,,,,,,,,,,,,,,,,,,,,,,,0
330089,39b33/18,C08G 33/18,1,Dynamit Nobel AG,"Troisdorf, Förbundesrepubl. Tyskland DT",Troisdorf,Förbundesrepubl. Tyskland DT,company,typed,Hjärne m.fl.,Förbundesrepubl. Tyskland DT,1965-10-15,1982-10-16,1971-02-11,1977-05-10,1977,Lack of payment of fees,13423/65,1976-10-14,500.00,14 OKT 1976 - 14777,1976-11-01,1976.0,Sätt att framställa härdbart kons. hars ...,typed,1,F J Huster,,TRUE,1964-10-16,45650,Förbundesrepubliken Tyskland DT,FALSE,FALSE,FALSE,FALSE,,,,,,,,,,,,,,,,,,,,,,,,,,0
226010,Erreort m.fl.,,1,Automotive Products Co. Ltd.,"Automotive Products Ltd., Leamington Spa.",Leamington Spa,Storbritannien,company,typed,Ernerot m.fl.,,1962-12-04,1979-12-05,1968-05-22,1975-07-01,1975,Lack of payment of fees,13068/62,1972-11-12,450.00,12-NOV-68 2403 226010 450.00,1975-01-15,1975.0,Anordning vid skivbromsar,typed,1,L C Chouings,,TRUE,1961-12-05,"43514/61, 13363/62",Storbritannien,TRUE,FALSE,FALSE,FALSE,,,,1974-01-14,,,,,,,,,,,,,,,,,,,,,,0
348078,,H01Q 1/12,1,Western Electric Company,New York,New York,USA,company,typed,Larfeldt m.fl.,,1967-06-30,1984-07-01,1972-11-30,1976-02-15,1976,Lack of payment of fees,9845/67,1972-01-09,700.00,9 JAN 700.00,1977-08-15,1977.0,Satellitantennsystem,typed,1,L.C. Tillotson,,TRUE,1966-08-25,575006,USA,FALSE,FALSE,FALSE,FALSE,,,,,,,,,,,,,,,,,,,,,,,,,,0
315021,21A4:75,H05K7/18,1,SAAB-SCANIA AB,"SAAB 42, Linköping",Linköping,Sverige,company,mixed,G. Johansson,Sverige,1964-08-07,1981-08-08,1970-01-08,1973-03-19,1973,Lack of payment of fees,9568/64,1971-07-30,250.00,30-JULI-71 6-9-28-2 315021+2.250.00,1972-12-14,1972.0,Anordning vid elektronikaggregat,typed,1,S.I.W Freijd,,FALSE,,,,FALSE,FALSE,FALSE,TRUE,,,,,,,,,G. Johansson,1971-06-21,,,,,,,,,,,,,,,,0
120022,,,1,Plasco Limited,Glasgow,Glasgow,Storbritannien,company,typed,Civilingenjör E.J. Delmar,Stockholm,1945-08-17,1962-08-18,1947-08-21,1955-03-26,1955,Lack of payment of fees,6218/1945,1953-06-23,100.00,,,,Sätt att framställa spännen genom pressgjutning.,typed,1,L.H. Morin,,FALSE,,,,FALSE,FALSE,FALSE,FALSE,,,,,,,,,,,,,,,,,,,,,,,,,,0
315035,21 c/67/10,H02 p.13/26,1,Allmanna Svenska Elektriska AB,,Vasteras,Sverige,company,typed,Öhman m.fl,Sverige,1967-12-21,1984-12-22,1970-01-08,1969-09-22,1969,Lack of payment of fees,17648/67,,,,,,"Strömriktarstation, omfattande ett antal strömriktare,som på likströmssidan är koppade i serie, medan de på växelströmssidan är anslutna till var sin växelströmsmaskin",typed,1,H Stackegård,,FALSE,,,,FALSE,FALSE,FALSE,FALSE,,,,,,,,,,,,,,,,,,,,,,,,,,0
190086,(not specified),(not specified),1,Armaturfabriken Trio Aktiebolag,"Hägersten, Sverige",Hägersten,Sverige,company,typed,Kransell,(not specified),1961-02-15,1978-02-16,1964-01-23,1972-08-19,1972,Lack of payment of fees,1553/1961,1971-02-11,400.00,"11-FEB-71, 9, 19 190086 2, 400.00",1972-04-18,1972.0,Anordning vid bidé,typed,1,O. Lundberg,,FALSE,,,,FALSE,FALSE,FALSE,FALSE,,,,,,,,,,,,,,,,,,,,,,,,,,0
120037,,,1,Ingenjören Erik Gunnar Vilhelm Atling,Ockelbo,Ockelbo,Sverige,individual,typed,,,1946-11-08,1963-11-09,1947-08-21,1957-05-29,1957,Lack of payment of fees,9788/1946,1955-11-08,200.00,150 + 50 + 2 + 200.00,1956-12-27,1956.0,Anordning vid nitmaskiner,mixed,1,Patenthavaren,,FALSE,,,,FALSE,FALSE,FALSE,FALSE,,,,,,,,,,,,,,,,,,,,,,,,,,0
315020,21.4.55,H04b7/14,2,Societa Italiana Telecommunicazioni,"Siemens SpA, Milano",Milano,Italien,company,typed,N. Larfeldt m. fl.,N/A,1965-08-03,1982-08-04,1970-01-08,1975-03-18,1975,Lack of payment of fees,101635,1971-04-28,200.00,N/A,1974-09-05,1974.0,"Elektronisk halvledaranordning, anordnad att genmföra omkopplings- och alarmoperationer i matningsreservförbindelser vid radiolänkar",typed,1,L. Sarati,,TRUE,1964-08-04,17024,Italien,FALSE,FALSE,FALSE,FALSE,,,,,,,,,,,,,,,,,,,,,,,,,,0
361004,B 23 k 9/10, ,1,Kabel- und Metallwerke Gutehoffnungshütte AG,Hannover,Hannover,DT,company,typed,Tarfeldt m. fl.,,1970-01-08,1987-01-09,1974-01-24,1977-08-18,1977,Lack of payment of fees,167/70,1976-10-14,350.00,14 OKT 76 12156 *9761004* ***350.00,1977-03-29,1977.0,Förfarande för automatisk reglering vid likströms-ljusbågsvetsning,typed,2,W Klebl,H Schieber,TRUE,1969-01-09,19063,DT,FALSE,FALSE,FALSE,FALSE,,,,,,,,,,,,,,,,,,,,,,,,,,0
348051,-,G01g13/34,1,Sivert Hög,Nässjö,Nässjö,Sverige,individual,typed,Ahlström,-,1969-11-24,1986-11-25,1972-11-30,1975-06-01,1975,Lack of payment of fees,1610469,1974-11-15,100.00,15 NOV 100.00:-,1974-12-11,1974.0,Anordning vid automatiska behållarevågar,mixed,1,Patenthavaren,,FALSE,,,,FALSE,FALSE,FALSE,FALSE,,,,,,,,,,,,,,,,,,,,,,,,,,0
300011,12.p1/10,C07d 33/52,1,Roussel-Uclaf S.A. Paris,"Paris,Frankrike",Paris,Frankrike,company,typed,Boman,,1967-03-30,1984-03-31,1968-07-11,1980-10-02,1980,Lack of payment of fees,4406/67,1979-02-19,900.00,19FEB.1979 13300011 *** 900.00 kr,1980-04-22,1980.0,Sätt att framställa substituerade kinoliner,typed,2,A. Allais,P. Girault,TRUE,1966-03-31,55879,Frankrike,FALSE,FALSE,FALSE,FALSE,,,,,,,,,,,,,,,,,,,,,,,,,,0
359004,H 03 c 3/00,H03C 3/00,1,Sanders Associates,"Nashua, N.H.","Nashua, N.H.",US,company,typed,Hammar m.fl.,,1970-09-16,1987-09-17,1973-11-22,1978-04-12,1978,Lack of payment of fees,1262170,1977-09-15,300.00,15 SEP □ 13491 *7359004 *****300.00,1977-10-12,1977.0,Digital datamodulator,typed,3,"D. G. Shuda, Chelmsford, Mass.","G. R. Giles, Williamsville, N.Y.",TRUE,1969-09-17,858721,US,FALSE,FALSE,TRUE,FALSE,"K. R. MacDavid, Nabnasset, Mass.",,,,,,,,,,6359004,,,,,,,,,,,,,,,0
359038,B21d1/04,B21d 1/04,3,Hoer Voss Corporation,"Calleri, Penn.",Penn,US,company,mixed,Larfeldt m.fl.,,1969-02-17,1986-02-18,1973-11-29,1976-09-14,1976,Lack of payment of fees,2176/69,1974-01-14,300.00,7359038 300.00,1976-03-18,1976.0,Sätt att permanent förlänga metallband,typed,1,M G Kinnavy,,TRUE,1968-02-28,708947,US,FALSE,FALSE,FALSE,FALSE,,,,,,,,,,,,Salem Corporation,"Carnegie, Penn.",Penn,US,Larfeldt m.fl.,,US,,,,,,,,0
315030,21a:22,H01r23/25,1,Roy Alfred Patton Jr,,Fort Wayne,USA,individual,typed,S. Molin,,1965-06-16,1982-06-17,1970-01-08,1972-01-17,1972,Lack of payment of fees,7999/65,1970-06-15,150.00,V6 15-JUN-70 43862-6 315030-2--150.00,1971-08-18,1971.0,Elektriskt kopplingsdon med en ändeld med mindre diameter och kopplingsaggregat med en i denna ändeld utformad handel respektive hondel.,typed,1,Patenthavaren,,TRUE,1964-06-17,375798,USA,FALSE,FALSE,FALSE,FALSE,,,,,,,,,,,,,,,,,,,,,,,,,,0
349028,07 d 7/42, ,1,Boots Pure Drug Co.,Nottingham,Nottingham,Storbritannien,company,typed,Brann mf.l., ,1967-09-01,1984-09-02,1973-01-04,1980-04-21,1980,Lack of payment of fees,12168/67,1972-09-18,900.00,P 12 A 2 10203 113 9028 ***** 900.00,1979-10-17,1979.0,Förfarande för framställning av xanten- och tiaxantenderivat.,typed,4,S S Adams,B J Armitage,TRUE,1967-04-05,15692/67,Storbritannien,FALSE,FALSE,FALSE,FALSE,N W Bristow,,,,,,,,,,,,,,,,,,B V Heathcote,,,,,,,0
190097,,,1,Verkmästare Erik Wärn,"Tidebergsvägen 16, Tibro",Tibro,Sverige,individual,typed,,,1961-01-14,1978-01-15,1964-01-23,1966-02-20,1966,Lack of payment of fees,348/1961,1965-03-04,120.00,20663 ▫ 5 190097 + ▫ 2 * 120.00,1966-02-20,1966.0,Verktyg för limning av kantlister vid skivor och dylikt,typed,1,Patenthavaren,,FALSE,,,,FALSE,FALSE,FALSE,FALSE,,,,,,,,,,,,,,,,,,,,,,,,,,0
315019,21.4.48/43,G01S 5/10,1,Svenska AB Philips,,Stockholm,Sverige,company,typed,Åkesson,Sverige,1968-01-04,1985-01-05,1970-01-08,1978-08-11,1978,Expiration of patent time,99/68,1977-01-07,350.00,315019 ************************** 350.00,1976-02-04,1976.0,Anordning vid en i en flygfarkost anordnad mottagare för ett fasjämförande navigationssystem.,typed,1,G. Sundman,,FALSE,,,,FALSE,FALSE,FALSE,FALSE,,,,,,,,,,,,,,,,,,,,,,,,,,0
349014,C 01 B 2/10,C01B 2/10,1,Esso Research and Engineering Company,"Linden, N.J.",Linden,USA,company,typed,Delmar,USA,1969-06-17,1986-06-18,1973-01-04,1988-05-03,1988,Lack of payment of fees,6812/69,1986-03-25,1900.00,25.3.86 **1900.00,1987-07-14,1987.0,"Förfarande för omvandling av en gasblandning inne hållande kolmonoxid och vattenånga, varvid gasblandningen bringas i kontakt med en katalysator samt katalysatorkomposition för genomförande av förfarandet",typed,1,C. H. Aldridge,,TRUE,1968-06-14,"737850, 821452",USA,FALSE,FALSE,FALSE,FALSE,,,,,,,,,,,,,,,,,,,,,,,,,,0
226000,,,1,Fuji Shashin Film Kabushiki Kaisha,"Ashigara-Kamigun, Japan",Ashigara-Kamigun,Japan,company,typed,Boman,,1965-12-17,1982-12-18,1968-05-22,1981-07-20,1981,Lack of payment of fees,16390/65,1970-11-19,150.00,13-DEC-68 3946 + 2 220.00;21-OCT-69 7395 + 2 220.00;19-NOV-70 9186 + 2 150.00,1981-03-06,1981.0,Elektrofotografiskt material,typed,2,S Honjo,T Iwai,TRUE,1964-12-19,"71536, 73006",Japan,FALSE,FALSE,FALSE,FALSE,,,,,,,,,,,,,,,,,,,,,,,,,,0
120187,,,1,Förste.stationsskrivaren.Karl Emil Pettersson,Hallsbergs,Hallsberg,Sverige,individual,mixed,Onn,,1946-01-12,1963-01-13,1947-09-11,1962-08-25,1962,Lack of payment of fees,303/1946,1961-01-12,750.00,12•JAN.61✢2•750.00,1962-02-23,1962.0,Fisksax,typed,1,Förste.stationsskrivaren.Karl Emil Pettersson,,FALSE,,,,FALSE,FALSE,FALSE,FALSE,,,,,,,,,,,,,,,,,,,,,,,,,,0
361003,Int Cl B 23 k 9/10,B23K 9/10,1,Institut Elektrosvarki imeni E.O. Patona,"Institut Elektrosvarki imeni E.O. Patona, Kiev, SU",Kiev,SU,institution,typed,Delmar,Delmar,1969-03-12,1986-03-13,1974-01-24,1987-10-12,1987,Expiration of patent time,3445/69,1986-03-14,2700.00,860314 20419 218 361003 **2700.00,1987-04-07,1987.0,Pulsgenerator för svetsningsändamål,typed,5,B E Paton,V K Lebedev,TRUE,1968-06-14,"1,250,703",SU,FALSE,FALSE,FALSE,FALSE,P P Sheiko,,,,,,,,,,,,,,,,,,M P Pashulya,,,,,,,0
120024,,,1,Aktiebolaget Elektrolux,,Stockholm,Sverige,company,typed,Dahl,,1943-08-06,1960-08-07,1947-08-21,1960-03-26,1960,Lack of payment of fees,1113/1947,1957-07-30,450.00,,1959-10-05,1959.0,Anordning vid dammsamlingsbehållare för dammsugare,typed,1,A.A. Forsberg,,TRUE,1942-08-07,,Tyska Riket,FALSE,FALSE,FALSE,FALSE,,,,,,,,,,,,,,,,,,,,,,,,,,0
361016,B 61 F 5/06,B 61 F 5/06,1,Schweizerische Lokomotiv- und Machinenfabrik,"Winterthur, CH",Winterthur,CH,company,typed,Hammar m.fl.,,1971-06-15,1988-06-16,1974-01-24,1980-01-10,1980,Lack of payment of fees,7757/71,1978-03-02,500.00,"2 MAR 78, 12026, 8361016, 500.00",1979-07-30,1979.0,Upphängingsanordning av fordonskorgen hos ett rälsfordon på en boggi,typed,1,"E.F. Kreissig, Seuzach",,TRUE,1970-06-17,9155,CH,FALSE,FALSE,FALSE,FALSE,,,,,,,,,,,,,,,,,,,,,,,,,,0
300060,42.h.7,G 02 b 5/12,1,NY Philips' Gloeilampenfabrieken,,Eindhoven,Nederländerna,company,typed,Ernerot m.fl.,,1964-06-11,1981-06-12,1968-07-11,1972-01-07,1972,Lack of payment of fees,7154/64,1970-05-28,200.00,,1971-08-18,1971.0,"Anordning, vid vilken strålning passerar genom ett optiskt element medelst en mångfald reflektioner vid sinsemellan motstående begränsningsytor på elementet",typed,1,N J Harrick,,TRUE,1963-06-12,287239,USA,FALSE,FALSE,FALSE,FALSE,,,,,,,,,,,,,,,,,,,,,,,,,,0
372024,D,D06N 3/02,1,Aerlund & Rausing AB,Lund SW,Lund,SE,company,typed,L Holmqvist,-,1971-09-14,1988-09-14,1976-10-14,1987-04-09,1987,Expiration of patent time,7111625,1983-07-14,1500.00,830714 20033 213 372824,1986-10-08,1986.0,Under inverkan av UV-och/eller solljus nedbrytbar polymerkcomposition innehallande en jarnforening,typed,1,Boberg A,,FALSE,,,,FALSE,FALSE,TRUE,FALSE,,,,,,,,,,,20091,,,,,,,,,,,,,,,0
330015,12o:25/05,C 07 c 167/08,1,E. Merck AG.,Darmstadt,Darmstadt,Förbundsrepubl. Tyskland DT,company,typed,Lindquist,,1963-07-23,1980-07-24,1971-02-11,1975-02-14,1975,Lack of payment of fees,3612/67,1974-07-10,400.00,10 ∘ 10 jul ○ ○ 14517 j1133015 *****400.00,1974-08-07,1974.0,"Sätt att framställa omättade 15-halogenmetylena-17(Ã?Æ?Ã'Â?-hydrox.)-3,20-diketonpregnan-derivat samt estrar och salter därav.",typed,4,F. von Werder,K. Brückner,TRUE,1962-07-24,M 53.674,Förbundsrepubliken Tyskland DT,FALSE,FALSE,FALSE,FALSE,K-H Boxk,,,,,,,,,,,,,,,,,,B. Metz,,,,,,,0
348019,,B02 F 3/82,1,Salzgitter Maschinen AG,Salzgitter-Bad.,Salzgitter,Förbundsrepubl.Tyskland DT,company,typed,Hjärne,,1971-03-30,1988-03-31,1972-11-30,1981-10-19,1981,Lack of payment of fees,4145/71,1980-01-09,400.00,31 JAN N 134021 ******400.00,1981-04-27,1981.0,Bromsanordning för kastskopa och vippa vid kastlastmaskiner.,typed,2,M. O. Rauert,E. Kessler,TRUE,1970-04-23,20 19 544,Förbundsrepubliken. Tyskland DT,FALSE,FALSE,FALSE,FALSE,,,,,,,,,,,,,,,,,,,,,,,,,,0
160088,,,1,Western Electric Company,"New York, N.Y.",New York,A.f.s.,company,typed,Civilingenjören J. Delmar,Stockholm,1949-02-19,1966-02-20,1957-06-13,1966-02-20,1966,Expiration of patent time,1468/1949,1965-02-02,850.00,,,,Glimurladdningsanordning,typed,1,W.A. Depp,,TRUE,1948-03-27,,,FALSE,FALSE,TRUE,FALSE,,,,,,,,,,,0,,,,,,,,,,,,,,,0
300063,42m6.9/02,G069/02,1,Standard Radio. & Telefon AB,"Barkarby, Sverige",Barkarby,Sverige,company,typed,Bernhult,,1963-03-29,1980-03-30,1968-07-11,1972-10-20,1972,Lack of payment of fees,3432/63,1971-02-26,300.00,26-FEB-71 1.2.5.1.0. ~ 8 300063 + - 2 * ** 8 ** 2 300.00,1972-07-27,1972.0,Elektrisk strömkretsanordning,typed,2,K.W. Steinbuch,P. Müller,FALSE,,,,FALSE,FALSE,FALSE,FALSE,,,,,,,,,,,,,,,,,,,,,,,,,,0
160049,,,2,Graviner Manufacturing Company Limited och The Wilkinson Sword Company Limited,,London,Storbritannien,company,typed,Civilingenjörerna S. Boman,Stockholm,1954-06-03,1971-06-04,1957-06-05,1964-02-21,1964,Lack of payment of fees,5231/1954,1962-05-07,300.00,,1963-07-05,1963.0,Finfördelnings- eller sprutmunstycke.,typed,1,A. Mathisen.,,FALSE,,,,FALSE,FALSE,TRUE,FALSE,,,,,,,,,,,160049,,,,,,,,,,,,,,,0
348036,,F16f 3/08,1,Contraves AG,,Zürich,Schweiz,company,typed,Ferkinghoff,,1968-03-18,1985-03-19,1972-11-30,1977-10-14,1977,Lack of payment of fees,3545/68,1973-02-27,400.00,29 JUN 1972 6348036 300.00,1977-04-26,1977.0,Torsionsfjädring,typed,2,"H Reich, Würenlos","H Angsti, Glattbrugg",TRUE,1967-03-22,,Schweiz,FALSE,FALSE,FALSE,FALSE,,,,,,,,,,,,,,,,,,,,,,,,,,0
120246,,,1,Kockums Mekaniska Verkstads Aktiebolag,"Malmö, Sverige",Malmö,Sverige,company,typed,Kierkegaard,,1945-04-28,1962-04-29,1947-09-18,1961-11-25,1961,Lack of payment of fees,3471/1945,1959-02-13,750.00,13-FEB-59 0.9.0 120246 +- ? ★★ 750.00,1961-05-27,1961.0,Vibrator,typed,1,J.G.M. Brodén,,FALSE,,,,FALSE,FALSE,FALSE,FALSE,,,,,,,,,,,,,,,,,,,,,,,,,,0
315053,21 g 53/00,H 01 s 3/04,1,Hughes Aircraft Company,,Culver City,USA,company,typed,Delmar,,1966-02-28,1983-03-01,1970-03-05,1978-10-14,1978,Lack of payment of fees,2608/66,1977-12-27,150.00,27 DEZ ca 1636 10315053 ***** 150:00,1978-04-27,1978.0,Laser med temperaturkontrollanordning för det aktiva ämnet,mixed,2,L H Ott,R S Congleton,TRUE,1965-03-01,436221,USA,FALSE,FALSE,FALSE,FALSE,,,,,,,,,,,,,,,,,,,,,,,,,,0
160065,,,1,Fabrikanten Josef Burgmer,Wuppertal-Barmen,Wuppertal-Barmen,Förbundsrepubliken Tyskland,individual,typed,Civilingenjören H. Onn,Stockholm,1952-04-23,1969-04-24,1957-06-13,1962-11-24,1962,Lack of payment of fees,3717/1952,1961-01-30,350.00,30-JAN-61                0  7  6 7 7 160065  +  2  ****  350.00,1962-05-23,1962.0,Ändlös genomskriftformulärsats,typed,1,Fabrikanten Josef Burgmer,,FALSE,,,,FALSE,FALSE,FALSE,FALSE,,,,,,,,,,,,,,,,,,,,,,,,,,0
120127,,,1,N.V. Philips Gloeilampenfabrieken,Eindhoven,Eindhoven,Nederländerna,company,typed,Ingenjören M. Kierkegaard,Stockholm,1941-11-12,1958-11-13,1947-09-04,1957-06-02,1957,Lack of payment of fees,6188/1941,1955-10-31,450.00,31-OKT.55 64760=15+2=450.00 120127 ***350:-S 14 OKT.1954 2 NOV.1953,1956-12-27,1956.0,Anordning med ett elektriskt urladdningsrör—jämte därför avsett urladdningsrör.,typed,2,E.G. Dordelo,H.J. Lemmens,TRUE,1940-11-01,,Nederländerna,FALSE,FALSE,FALSE,FALSE,,,,,,,,,,,,,,,,,,,,,,,,,,0
348009,,C 23 7/10,1,Kawasaki Steel Corp.,Kobe City,Kobe City,Japan,company,typed,T.Wallin m.fl.,,1969-04-15,1986-04-16,1972-11-30,1987-11,1987,Expiration of patent time,05275/69,1984-02-20,1500.00,5th and 17th annuities,1987-05-13,1987.0,Sätt att på ytan av en elektrisk stålplåt skapa en isolerande korrosionsbeständig beläggning jämte medel för genomförande av sättet,typed,3,M Imai,H Shimanska,TRUE,1968-04-28,78036,Japan,FALSE,FALSE,FALSE,FALSE,T Irie,,,,,,,,,,,,,,,,,,,,,,,,,0
160073,,,1,Electric Furnace Products Company Limited,Toronto,,Canada,company,typed,Dr. L. Brann,Stockholm,1955-10-03,1972-10-04,1957-06-13,1972-10-04,1972,Expiration of patent time,8854/1955,1963-09-25,300.00,,,,Sätt att tillverka aducergods,typed,2,R. A. Aeberly,R. A. Clark,TRUE,1954-10-12,,,,FALSE,FALSE,FALSE,,,,,,,,,,,,,,,,,,,,,,,,,,0
348021,,E04D 1/18,1,Sven Lindqvist,Varberg,Varberg,Sverige,individual,typed,Lundell Cederbom m.fl.,,1970-05-04,1987-05-05,1972-11-30,1981-12-15,1981,Lack of payment of fees,6125/70,1980-04-17,1000.00,823 17 APR 80 1348021 1000.00,1981-06-30,1981.0,Byggnadselement,typed,1,Patenthavaren,,FALSE,,,,FALSE,FALSE,FALSE,TRUE,,,,,,,,,,1975-04-08,,,,,,,,,,,,,,,,0
315092,"37 b/1,10",E04C 1/10,2,Gisela Bock och Alois Karl Bock,,veckารถafningen,"Förbundsrepubl, Tyskland DT",individual,typed,"G. Emerot, m.fl.",,1966-04-21,1983-04-22,1970-01-08,1980-08-31,1980,Lack of payment of fees,5441/66,,,,,,Byggnadselement,typed,2,Patenthavarna,,TRUE,1965-04-22,B 81 563,Förbundsrepubl,FALSE,FALSE,FALSE,FALSE,,,,,,,,,,,,,,,,,,,,,,,,,,0
372035,37.0.00,,1,Texaco Development Corporation,"New York, NY, US",New York,US,company,mixed,Hjärne,m/lf,1971-12-20,1988-07-23,1976-11-18,1979-02-14,1979,Lack of payment of fees,378840,,0.00,,,,"Sätt för vätekonvertering av en tung kolvätesatsning, i ett reaktionssystem innefattande, tvã katalysatorzone belägna under resp over tillforselepunkten för den tunga kolvätesatsningen",typed,4,Wilson R F,Peck R A,FALSE,,,,FALSE,FALSE,TRUE,FALSE,Guptil Jr F E,,,,,,,,,,7094650,,,,,,,,Fishkill Jr,,,,,,,0
330004,12 i:31/06,C 01 B 31/06,1,Tokyo Shibaura Electric Co.,Kawasaki-shi,Kawasaki-shi,Japan,company,typed,J Wallin m.fl.,,1966-11-08,1983-11-09,1971-02-11,1988-06-12,1988,Lack of payment of fees,1523966,1971-04-05,300.00,33000+2*300.00,1985-12-05,1985.0,Sätt att framställa syntetiska diamantkristaller,typed,4,M Wakatsuki,T Aoki,TRUE,1965-11-13,69478,Japan,FALSE,FALSE,FALSE,FALSE,W Wakamatsu,,,,,,,,,,,,,,,,,,S Takasu,,,,,,,1
300058,39,B29 1/21.00,1,Luossavaara-Kiirunavaara AB,"Stockholm, Sverige",Stockholm,Sverige,company,typed,Larfeldt m.fl.,Sverige,1967-06-30,1984-07-01,1966-07-11,1981-02-07,1981,Lack of payment of fees,10143/67,1977-05-23,100.00,300058 ***** 100.00,1980-09-05,1980.0,Verktyg för skärning av företrädesvis gummi,typed,1,G. Andersson,,FALSE,,,,FALSE,FALSE,FALSE,FALSE,,,,,,,,,,,,,,,,,,,,,,,,,,0
120132,-,-,1,J. Stone & Company Limited,"Deptford, Kent","Deptford, Kent",Storbritannien,company,typed,"Civilingenjör N. Oms, Stockholm",Stockholm,1945-06-25,1962-06-26,1947-09-04,1962-06-27,1962,Expiration of patent time,5935/1945,1960-05-12,750.00,12•MAJ. 60  ?     6   2   120132  +- = ? ***** 750.00,1961-08-16,1961.0,Förfaringssätt för framställning av föremal av legeringar på basis av magnesium genom pressgjutning,typed,2,R. J. M. Payne,A. J. Murphy,TRUE,1944-06-23,-,Storbritannien,FALSE,FALSE,FALSE,FALSE,,,,,,,,,,,,,,,,,,,,,,,,,,0
160080,,,1,Linjemeistaren Holger William Johansson,Åtrafors,Åtrafors,Sverige,individual,typed,,,1951-06-06,1968-06-07,1957-06-13,1959-01-31,1959,Litigation,4824/1951,,,,1956-07-22,1956.0,Jordnings- och kortslutningsverktyg,typed,1,Linjemeistaren Holger William Johansson,,FALSE,,,,FALSE,FALSE,FALSE,FALSE,,,,,,,,,,,,,,,,,,,,,,,,,,0
300096,85 g3,B 05 b 1/30,1,Edward Howard Green,"Addison, Ill.",Addison,USA,individual,typed,B Avellan-Hultman m.fl.,,1965-04-14,1982-04-15,1968-07-11,1976-11-01,1976,Lack of payment of fees,4909/65,1975-02-27,500.00,27 FEB 75 11 300096 / + 2 ***** 500.00,1976-06-09,1976.0,Anordning vid spraybehållare med variabelt inställbar ventil,typed,1,Patenthavaren,,TRUE,1964-08-10,362070,USA,FALSE,FALSE,FALSE,FALSE,,,,,,,,,,,,,,,,,,,,,,,,,,0
300069,47 a:16/01,F 16 f 15/04,1,Optische Werke C.A. Steinheil Söhne GmbH.,,München,Förbundsrepubl. Tyskland,company,typed,O. Avellan-Hultman m.fl.,Förbundsrepubl. Tyskland,1967-10-16,1984-10-17,1968-07-11,1976-05-18,1976,Lack of payment of fees,14097/67,1972-08-30,350.00,5-SEP-68: 50.00; 2-OKT-69: 100.00; 15-OKT-70: 100.00; 2-SEP-71: 100.00; 6-OKT-72: 200.00; 25-OKT-73: 240.00; 8-OKT-74: 250.00,1975-11-14,1975.0,Hållare med elastiskt eftergivande dämpning för fjädrande upptagning av stöttkänsliga instrument,typed,2,M. Schuck,H. Franz,TRUE,1966-10-14,"9042 Gm, 9302 Gm, 9303 Gm",Förbundsrepubliken Tyskland,FALSE,FALSE,FALSE,FALSE,,,,,,,,,,,,,,,,,,,,,,,,,,0
349045,C 07 d 99/16,C07D 99/16,1,AB Astra,Södertälje,Södertälje,Sverige,company,typed,A. Molin,N/A,1965-08-30,1982-08-31,1973-01-04,1976-03-15,1976,Lack of payment of fees,31365,1975-09-10,0.00,Aviserat,1975-09-10,1975.0,Sätt för framställning av penicilliner,typed,3,P. Bamberg,B. Å. Ekström,FALSE,,,,FALSE,FALSE,FALSE,FALSE,B. O. H. Sjöberg,,,,,,,,,,,,,,,,,,,,,,,,,0
300040,21.8:10/02,H 01 G 13/04,1,General Electric Company,"Schenectady, N.Y.",Schenectady,USA,company,typed,Brann m.fl.,,1965-02-05,1982-02-06,1968-07-11,1980-09-19,1980,Lack of payment of fees,1506/65,1979-01-16,1200.00,paid on 1979-01-16 amount 1200.00 kronor for the year,1980-03-18,1980.0,Elektrisk kondensator,typed,1,A. Katchman,,FALSE,,,,FALSE,FALSE,FALSE,FALSE,,,,,,,,,,,,,,,,,,,,,,,,,,0
348006,,"C 23 c, 9/00",1,Union-Carbide-Corporation,"New York, N.Y.",New York,USA,company,typed,Hjärne,,1968-12-04,1985-12-05,1972-11-30,1978-07-14,1978,Lack of payment of fees,16601/68,0000-00-00,0.00,5348006 100:00; 6358006 150:00; 7318006 300:00; 8038006 350:00; 9318006 400:00,1978-01-23,1978.0,Sätt att metallisera bornitridhaltiga kroppar,typed,1,L C Montgomery,,TRUE,1967-12-05,668074,USA,FALSE,FALSE,FALSE,FALSE,,,,,,,,,,,,,,,,,,,,,,,,,,0
160040,,,1,Anstalt. Unda.,Vaduz,Vaduz,Liechtenstein,company,typed,"Civilingenjören. H. Onn., Stockholm.",Stockholm,1951-09-27,1968-09-28,1957-06-05,1968-10-28,1968,Expiration of patent time,8063/1951,1967-07-14,850.00,7-14-67 3312 S2 17: 4 7 160040 + = 2 850.00,1967-07-14,1967.0,Anordning för sönderdelning av animaliskt hudmaterial för framställning av konstarmar.,typed,1,W. Becker.,,TRUE,1950-09-27,27 september 1950,Schweiz,FALSE,FALSE,FALSE,FALSE,,,,,,,,,,,,,,,,,,,,,,,,,,0
190012,,,1,Aktiebolaget Hüllbergs Verktygsfabrik,"Göteborg, Sverige",Göteborg,Sverige,company,typed,Kransell m fl,,1962-09-01,1979-09-01,1964-01-16,1977-04-01,1977,Lack of payment of fees,9681/1963,1969-08-28,250.00,28 AUG 69       6 4 8 70480 + 2 + *****2 250.00,1976-10-20,1976.0,Vridningsanordning,typed,2,S T Brunäs,T S Lind,FALSE,,,,FALSE,FALSE,FALSE,FALSE,,,,,,,,,,,,,,,,,,,,,,,,,,0
190006,,,1,Patfina AG Zug,,Zug,Schwiez,company,typed,"Civilingenieur A. Maurer, Gibsweg 5, Friberg m.H",Gibsweg 5,1962-10-26,1979-10-27,1964-01-16,1970-05-02,1970,Lack of payment of fees,11508/1962,1968-09-09,200.00,9-SEP-68 3 3 9 0 = 7 190006 + 2 200.00,1969-11-14,1969.0,Obemannad för vattenskidfärd längs bogserbåt,typed,1,B. Perkut,,TRUE,1961-11-16,,Förbundsrep Tyskland,FALSE,FALSE,FALSE,TRUE,,,,,,,,,A.D. 1682,1966-06-15,,,,,,,,,,,,,,,,0
315088,34 e:13/16,A.47.h.13/08,1,G.H.-Teknik AB,,Sigtuna,Sverige,company,typed,B Hermansson,Färsta,1965-09-13,1982-09-14,1970-01-08,1980-04-21,1980,Lack of payment of fees,11860/65,1979-02-28,100.00,,1979-10-17,1979.0,Upphängnings- och draperingsanordning för gardiner,typed,1,G J F Härd af Segerstad,,FALSE,,,,FALSE,FALSE,FALSE,FALSE,,,,,,,,,,,,,,,,,,,,,,,,,,0
315076,30 b:21/01,A.61.C.19/02,1,AB Forssbergs Dentaldepots,Stockholm,Stockholm,Sverige,company,typed,A. Andersson,,1968-01-12,1985-01-13,1970-01-08,1975-01-11,1975,Lack of payment of fees,422/68,,,,1975-02-14,1975.0,Anordning för upphängning av dentala arbetsredskap,typed,1,B.G. Lagerstedt,,FALSE,,,,FALSE,FALSE,FALSE,FALSE,,,,,,,,,,,,,,,,,,,,,,,,,,0
190007,,,1,Licentia Patent-Verwaltungs-G m b H,"Frankfurt am Main, Förbundsrep Tyskland",Frankfurt am Main,Förbundsrep Tyskland,company,typed,"Civilingenjör S Lerelf?, Stockholm",Stockholm,1959-10-27,1976-10-28,1964-01-16,1965-05-31,1965,Lack of payment of fees,10007/1959,,,,1964-11-10,1964.0,Anordning för styrning av inställbara propeller,typed,1,T F Blydt-Hansen,,TRUE,1958-10-27,,Förbundsrep Tyskland,FALSE,FALSE,FALSE,FALSE,,,,,,,,,,,,,,,,,,,,,,,,,,0
160069,,,1,The Air Preheater Corporation,,New York,USA,company,typed,"Ingenjören M. Kierkegaard, Stockholm.",Stockholm,1952-05-21,1969-05-22,1957-06-13,1958-12-02,1958,Lack of payment of fees,4623/1952,,,,1958-06-17,1958.0,Värmeväxlardel innefattande två rader metalliska rännor.,typed,2,W. E. Hammond,C. A. Ballard.,TRUE,1951-05-22,,USA,FALSE,FALSE,FALSE,FALSE,,,,,,,,,,,,,,,,,,,,,,,,,,0
300057,"39, 3, 23/04",B29 3/23/04,1,Shell Internationale Research Mij. NV,Haag,Haag,Nederländerna,company,typed,Lindquist,Nederländerna,1964-04-30,1981-05-01,1968-07-11,1972-12-12,1972,Litigation,5403/64,1971-03-19,250.00,19-MAR-71 2 17. 0 8 300057 2 250.00,1972-09-13,1972.0,Sätt och anordning för framställning av termoplatsrör genom strängsprutning,typed,1,J.C. van Dijk,,TRUE,1963-05-02,292212,Nederländerna,FALSE,FALSE,FALSE,FALSE,,,,,,,,,,,,,,,,,,,,,,,,,,0
300043,27 b:3,F 04 b. 37/10,1,AB Åkerlund & Rausing,"Lund, Sverige",Lund,Sverige,company,typed,L. Holmqvist,,1964-06-02,1981-06-03,1968-07-11,1971-01-01,1971,Lack of payment of fees,6671/64,1969-04-09,250.00,9-APR-69 8. 7. 7. 9. m. 6. 300043 += 2 ... 250.00,1970-08-11,1970.0,Tryckimpulsgivare bestående av en motordriven kolvkompressor,typed,1,E I Nilsson,,FALSE,,,,FALSE,FALSE,FALSE,FALSE,,,,,,,,,,,,,,,,,,,,,,,,,,0
160055,7g 39.1,,1,N V De Bataafsche Petroleum Maatschappij,Haag,Haag,Nederländerna,company,typed,Dr. ing. G. Sundqvist,Stockholm,1954-03-03,1971-03-04,1957-06-13,1966-10-31,1966,Lack of payment of fees,2001,1965-01-14,450.00,14-JAN 65 8 o 512 160055 - = 2 + 450,1966-04-22,1966.0,Kontinuerligt förfarande för framställing av p-diisopropylbensen,typed,2,N Max,Y Schafsma,TRUE,1953-03-06,,Storbritannien,FALSE,FALSE,FALSE,FALSE,,,,,,,,,,,,,,,,,,,,,,,,,,0
160082,,,1,Hoover Limited,Greenford,,Storbritannien,company,typed,Ingenjören H. Hammar,Stockholm,1955-06-28,1972-06-29,1957-06-13,1967-01-30,1967,Expiration of patent time,6007/1955,1965-05-21,400.00,+ + = * ***** 2 * + 100.00,1966-07-02,1966.0,Elektrisk tvålägesströmställare,typed,1,F.R. Sibbald,,TRUE,1954-07-05,,Storbritannien,FALSE,FALSE,FALSE,FALSE,,,,,,,,,,,,,,,,,,,,,,,,,,0
120111,12,E04F 21/18,1,Ingeniören Axel Richard Lundquist,Norrköping,Norrköping,Sverige,individual,typed,Boman,Unknown,1947-03-31,1964-04-01,1947-08-28,1964-04-01,1964,Expiration of patent time,2866/1947,1958-07-14,60.00,14-JUL-58 45077 > 12 120111 + * * * * 60.00,1958-04-10,1958.0,"Sätt och anordning för sågning eller klyvning av plattor, särskilt marmor- eller kalkplattor, samt enligt sättet framställda plattor.",mixed,1,Ingeniören Axel Richard Lundquist,,FALSE,,,,FALSE,FALSE,FALSE,FALSE,,,,,,,,,,,,,,,,,,,,,,,,,,0
315099,37 f:15/38,E 04 h. 11/40,1,AB Strängbetong,,Stockholm,Sverige,company,typed,S Modin m.fl.,,1968-12-20,1985-12-21,1971-01-28,1984-07-25,1984,Lack of payment of fees,17590/68,1983-12-10,100.00,,1984-01-01,1984.0,Sätt att förankra betongpelare och monteringslement för utförande av sättet,typed,2,H Keller,H Löfström,FALSE,,,,FALSE,FALSE,FALSE,FALSE,,,Stockholm,,,,,,,,,,,,,,,,,Stockholm,Sverige,Huddinge,Huddinge,Sverige,,0
361043,C 07 d 99/04,JA,1,Fuji Photo Film Co. Ltd,"Kanagawa, JA",Kanagawa,JA,company,typed,Delmar,,1969-09-15,1986-09-16,1974-01-24,1977-04-04,1977,Lack of payment of fees,1265369,1976-07-22,300.00,22 JUL 14709 7361043 300.00,1976-10-20,1976.0,Kromenopyrazolföreningar användbara som färgkopplare jämte sätt för deras framställning,typed,3,S Kimura,S Ishige,TRUE,1968-09-16,66822,JA,FALSE,FALSE,TRUE,FALSE,T Kobayashi,,,,,,,,,,1265369,,,,,,,,,,,,,,,0
160085,B15 F,,1,Siemens-Schuckertwerke Aktiengesellschaft,Berlin och Erlangen,Berlin och Erlangen,Förbundsrepubliken Tyskland,company,typed,"Ingeniören R. Jonsson, Danderyd",Danderyd,1954-12-06,1971-12-07,1957-06-13,1968-07-29,1968,Lack of payment of fees,11159/1954,1966-11-22,500.00,**** 2 + 3 150015,1966-01-08,1966.0,Inställningsanordning särskilt för bromsmagneter,typed,2,P. Paschen,F. Schmidt,TRUE,1954-03-02,3949/1954,Förbundsrepubliken Tyskland,FALSE,FALSE,TRUE,TRUE,,,,,,,,,Jonson,1966-01-08,3945,,,,,,,,,,,,,,,1
372015,C07A 53/06,C07D 231/12,1,Hoffmann-La Roche & Co. AG,Basel,Basel,CH,company,typed,Brann m.fl.,,1969-06-03,1986-06-03,1975-03-20,1984-01-19,1984,Lack of payment of fees,907816,1981-06-03,1500.00,8JUN □ □ 18761 ★1372015 ★★★★1500.00,1983-07-18,1983.0,"Förfarande för framställning av 1-aminoalkyl-1,4-bensodiazepinderivat",typed,2,R.I. Fryer; North Caldwell,"L.H. Sternbach; Upper Montclair, N.J., US",TRUE,1968-06-03,733818,US,FALSE,FALSE,FALSE,FALSE,,,,,,,,,,,,,,,,,,,,,,,,,,0
190028,,,1,The Bendix Corporation,"New York, N.Y",New York,USA,company,typed,Civilingenjör I Bergenstrahle m fl,Stockholm,1960-08-06,1977-08-07,1964-01-16,1977-08-07,1977,Expiration of patent time,7607/1960,1965-07-20,150.00,20-JUL-65 6 733.9 n 6 190028 +2 *** 150.00,1966-09-13,1966.0,Förfarande och maskin för att i en backremss anbringa e,typed,3,L B Austin,"A K Brown, Jr",FALSE,,,,FALSE,FALSE,FALSE,FALSE,J H Ettinger,,,,,,,,,,,,,,,,,,,,,,,,,0
190000,,,2,Eaton Manufacturing Company,"Cleveland, Ohio, USA","Cleveland, Ohio",USA,company,typed,"Civilingenjör O. Grahn, F. Stockholm",Stockholm,1961-07-12,1978-07-13,1964-01-16,1967-02-02,1967,Expiration of patent time,312/1963,1965-06-09,100.00,,1966-08-18,1966.0,"Upphängningsmekanism för ett hjulburet fordon, särskilt med tandemaxlar",typed,2,P. A. Zalarick,A. W. Nelson,TRUE,1960-08,,USA,FALSE,FALSE,TRUE,FALSE,,,,,,,,,,,7248/1961,,,,,,,,,,,,,,1964-11-04,0
349040,"C 07 d, 91/26",C07D 91/26,1,Ciba-Geigy AG,Basel,Basel,Schweiz,company,typed,Larfeldt m.fl.,,1965-05-26,1982-05-27,1973-01-04,1978-12-15,1978,Lack of payment of fees,6958/65,1972-04-14,500.00,14APR □ □ 13030 □ 11349040 □ 500.00,1976-06-22,1976.0,Förfarande för framställning av nya 2-hydrazin-2-tiazolinderivat,typed,2,M Wilhelm,K Eichenberger,TRUE,1964-05-29,,Schweiz,FALSE,FALSE,FALSE,FALSE,,,,,,,,,,,,,,,,,,,,,,,,,,1
315071,30a:5/02,A61B5/04,1,E. Alexandre & Cie.,Romainville,Romainville,Frankrike,company,typed,S. Hammar,Frankrike,1964-10-07,1981-10-08,1970-01-08,1980-05-13,1980,Lack of payment of fees,12072/64,1976-10-06,450.00,1.6.7.6.6 - 315071,1979-11-28,1979.0,Bonð för radiologiska undersökningar,typed,1,M. Hainault,,TRUE,1963-10-08,949911,Frankrike,FALSE,FALSE,FALSE,FALSE,,,,,,,,,,,,,,,,,,,,,,,,,,0
190029,,,1,Karl Einar Lundberg,Uppsala,Uppsala,Sverige,individual,mixed,Lindquist,,1960-11-11,1977-11-12,1964-01-16,1970-06-29,1970,Litigation,10839/1960,1968-08-23,390.00,7 6 660829 ÷ 2 ✶✶✶✶ 390.00,1970-01-08,1970.0,Vridbar spärr för ställskrune vid skiftryckbar,typed,1,Karl Einar Lundberg,,FALSE,,,,FALSE,FALSE,FALSE,FALSE,,,,,,,,,,,,,,,,,,,,,,,,,,0
300045,30 i.1,A61L1/00,1,AB Electrolux,"Stockholm, Sverige",Stockholm,Sverige,company,typed,Lindström,Sverige,1965-04-29,1982-04-30,1968-07-11,1972-11-20,1972,Lack of payment of fees,5662/65,1971-03-26,200.00,26 - MAR - 71  26905 m 5 300045 +-2 **** 2 *** 200.00,1972-08-01,1972.0,Sätt att kontrollera luftförekomst i ånga i en autoklav samt anordning härför,typed,1,B A Björk,Getinge,FALSE,,,,FALSE,FALSE,FALSE,FALSE,,,,,,,,,,,,,,,,,,,,,,,,,,0
300051,34 a.5/51,A 47. 1 9/06,1,Kooperativa Förbundet,"Stockholm, Sverige",Stockholm,Sverige,institution,typed,Boman,Sverige,1963-10-17,1980-10-18,1968-07-11,1977-05-10,1977,Lack of payment of fees,11436/63,1976-08-13,600.00,13 AUG 19.. 14540 1330051 ★ ★ ★ ★ 600.00,1976-11-01,1976.0,Dammsugarmunstycke,typed,1,I.G.A Ljunggren,,FALSE,,,,FALSE,FALSE,FALSE,FALSE,,,,,,,,,,,,,,,,,,,,,,,,,,0
300036,21 d 42/01,G05f1/20,1,Allmänna Svenska Elektriska AB,Västerås,Västerås,Sverige,company,typed,Öhman m.fl.,Sverige,1965-04-23,1982-04-24,1968-07-11,1974-11-01,1974,Lack of payment of fees,5276/65,1971-02-11,200.00,11-FEB.71........200.,1974-05-15,1974.0,Elektrisk krets med variabel impedans,typed,1,"K. Thorborg, Västerås",,FALSE,,,,FALSE,FALSE,FALSE,FALSE,,,,,,,,,,,,,,,,,,,,,,,,,,0
330042,21 a/2/34,H05K1/00,1,The Dow Chemical Company,"Midland, Mich.",Midland,USA,company,typed,Larfeldt m.fl.,,1967-05-22,1984-05-23,1971-02-11,1974-12-16,1974,Expiration of patent time,7127/67,1971-03-19,300.00,2.15.0.5 + 300.00,1974-06-13,1974.0,Flexibel tryckt krets samt förfarande för framställning av sådan krets,typed,1,J R Newton,,TRUE,1966-05-23,552086,USA,FALSE,FALSE,FALSE,FALSE,,,,,,,,,,,,,,,,,,,,,,,,,,0
349032,C 07 d 49/18,C 07 d 49/18,1,SANOFI SA Paris FR,Paris,Paris,Frankrike,company,typed,Hjärne m. fl.,Hjärne m. fl.,1969-10-01,1986-10-02,1973-01-04,1983-05-26,1983,Expiration of patent time,13538/69,1982-09-03,1000.00,,1982-11-15,1982.0,Förfarande för framställning av substituerade pyrazoler med antivirusverkan,typed,2,"F. Binon, Strombeek-Bever, Belgien","J. M. Beiler, Philadelphia, Penn. USA",TRUE,1968-10-04,47297,Storbritannien,FALSE,FALSE,FALSE,FALSE,,,,,,,,,,,,,,,,,,,,,,,,,,0
190073,,,1,Aktiebolaget Nordiska Armaturfabrikerna,"Linköping, Sverige",Linköping,Sverige,company,typed,H. Hammar m. fl.,,1960-01-22,1977-01-23,1964-01-23,1967-03-02,1967,Compulsory working clause,630/1960,1966-01-28,200.00,"22-DEC-64 11514 6 190073 + 2 * * * 250.00, 7-JAN-66 1654 7 190073 * 2 * * * * 200.00",1966-01-07,1966.0,Anordning vid oljebrännare,typed,1,S E S Malmberg,,FALSE,,,,FALSE,FALSE,FALSE,FALSE,,,,,,,,,,,,,,,,,,,,,,,,,,0
190067,,,1,Ciba Société Anonyme,"Basel, Schweiz",Basel,Schweiz,company,typed,Civilingenjören H. Onn,Stockholm,1960-03-02,1977-03-03,1964-01-23,1971-10-01,1971,Lack of payment of fees,2141/1960,1970-02-26,400.00,26-FEB-70 10 190067 +2 * * * 400.00,1971-05-02,1971.0,Förfarande för framställning av färgämnen ur antrakinonserien.,typed,2,R. Gusst,H.W. Liechti,TRUE,1959-03-04,,Schweiz,FALSE,FALSE,FALSE,FALSE,,,,,,,,,,,,,,,,,,,,,,,,,,0
348098,,A 61 b.5/16,1,John Örtangren,,Sollentuna,Sverige,individual,mixed,Hjärne,,1968-04-30,1985-05-01,1972-12-07,1983-12-12,1983,Lack of payment of fees,05886/68.6,1982-04-22,1300.00,,1983-06-08,1983.0,Takistoskop,typed,1,Patenthavaren,,FALSE,,,,FALSE,FALSE,FALSE,FALSE,,,,,,,,,,,,,,,,,,,,,,,,,,0
226025,,,1,Fabrikören Hans Gustav Erik Ahlbin,Sundbyberg,Sundbyberg,Sverige,individual,mixed,Boströ,,1963-08-15,1980-08-16,1968-05-22,1974-03-15,1974,Lack of payment of fees,8958/63,1971-02-15,300.00,15-FEB-71 1 3 3 7 1. 8 226025 + * 2 ** 300.00,1973-09-01,1973.0,Dörrvredsskydd,typed,1,Hans Gustav Erik Ahlbin,,FALSE,,,,FALSE,FALSE,FALSE,FALSE,,,,,,,,,,,,,,,,,,,,,,,,,,0
348071,,H 01 B 13/22,1,General Cable Corporation,"New York, N.Y.",New York,USA,company,typed,Brann,,1966-06-03,1983-06-04,1972-11-30,1981-02-15,1981,Lack of payment of fees,7617/66,1979-04-10,"1,000.00","10 APR 79   15226   1348071   1,000.00",1960-07-10,1960.0,"Sätt att framställa ett rör med ett skärmande metallskikt, som, på åtminstone en sida är plastbelagt, samt apparat för sättets genomförande",typed,1,O.G. Garner,,TRUE,1965-08-11,478 791,USA,FALSE,FALSE,FALSE,FALSE,,,,,,,,,,,,,,,,,,,,,,,,,,1
315029,21a @21/02,H 1.02 & 3/26,1,Telefon AB L M Ericsson,Stockholm,Stockholm,Sverige,company,typed,Sjöö,Sverige,1967-07-06,1984-07-07,1970-01-08,1981-02-07,1981,Lack of payment of fees,10354/67,1971-06-24,100.00,24 - JUN 71 315029 100.00 kr,1980-09-05,1980.0,Kabelhank,typed,2,N. R. Axelsson,S. G. Vestermark,FALSE,,,,FALSE,FALSE,FALSE,FALSE,,,,,,,,,,,,,,,,,,,,,,,,,,0
349024,C 07 c 103/82,C07C 103/82,1,Société d'Etudes Scientifiques et Industrielles de l'Ile-de-France,Paris,Paris,Frankrike,company,typed,Larfeldt m. fl. Ref: 915.20,Not specified,1967-01-20,1984-01-21,1973-01-04,1982-08-05,1982,Lack of payment of fees,7881/67,1982-03-26,1600.00,*7349024 *****1600.00,1982-02-10,1982.0,Förfarande för framställning av N-(substituerad-aminoaklkyl)-2-alkoxi-4-(amino-eller nitro)-5-halogenbensamid eller salt därav,typed,2,A. Morimoto,Y. Saito,TRUE,1966-01-22,"3789, 3791, 4163",Japan,FALSE,FALSE,FALSE,FALSE,,,,,,,,,,,,,,,,,,,,,,,,,,0
330083,39 a 9/00,B 29 A 9/00,1,National Distiller and Chemical Corporation,"New York, N.Y.",New York,USA,company,mixed,Brann,not specified,1964-01-22,1981-01-23,1971-02-11,1981-02-17,1981,Lack of payment of fees,764/64,1971-03-23,600.00,F17DEC No 13594 5330083 100.00 + 2 600.00,not specified,,"Förfarande för framställning av varmtätningsbara, biaxiellt orienterade polypropenlaminat",typed,3,H.A. Kahn,E.D. Henze,TRUE,1963-01-23,253286,USA,FALSE,FALSE,FALSE,FALSE,G.W. Walpert,,,,,,,,,,,,,,,,,,,,,,,,,0
300020,21. A. 45/01,H 04 r. 21/00,1,Siemens AG.,,"Berlin, München",Förbundsrepubl. Tyskland,company,typed,Larfeldt. m. fl.,,1962-03-08,1979-03-09,1968-07-11,1975-10-20,1975,Lack of payment of fees,2593/62,1974-02-26,500.00,,1975-04-14,1975.0,Anordning för omvandling av mekaniska svängningar till elektriska medelst. en sträckt kropp av piezoresistivt halvledarmaterial,typed,2,R. Karmann,M. Zerbst,TRUE,1961-03-09,S. 72 897,Förbundsrepubliken Tyskland,FALSE,FALSE,FALSE,FALSE,,,,,,,,,,,,,,,,,,,,,,,,,,0
348070,,G 11 b. 5/62,1,Commissariat à l'Énergie Atomique,"Paris, Frankrike",Paris,Frankrike,institution,typed,Brann m.fl.,Frankrike,1967-12-18,1984-12-19,1972-11-30,1979-07-12,1979,Lack of payment of fees,1733567,1972-06-19,600.00,6/21DEZ N 1795 ☆634.8070 ☆☆☆☆☆500.00,1979-01-17,1979.0,Magnetiskt isotropiskt material med hög koercitivfältstyrka samt förfarande för framställning av detsamma,typed,3,G Grunberg,J-P Lazzari,TRUE,1966-12-23,84714,Frankrike,FALSE,FALSE,FALSE,FALSE,I Melnick,,,,,,,,,,,,,,,,,,,,,,,,,0
348060,15 143/68,G 03 g. 15/04,1,Rank Xerox Ltd.,London,London,Storbritannien,company,typed,Hjärne m. fl.,Ström m. fl.,1968-11-08,1985-11-09,1972-11-30,1987-06-09,1987,Lack of payment of fees,15 143/68,1972-11-30,100.00,10DEZ**5348060****41400100.00,1986-12-09,1986.0,Apparat för avsökning av ett dokument och projiceringav olika stora bilder av dokumentet på en i rörelsevarande fotoelektriskt ledande yta.,typed,1,"J F Gardner; Penfield, N.Y., USA",,TRUE,1967-11-14,662 848,USA,FALSE,FALSE,TRUE,FALSE,,,,,,,,,,,534860,,,,,,,,,,,,,,,0
361021,B 63 b 15/02,B 63 b 15/02,1,Rune Antman,"Högbergsgatan 45 A, 150 13 TROSA, SW",TROSA,SW,individual,typed,,,1972-10-24,1989-10-25,1974-01-24,1979-05-11,1979,Lack of payment of fees,13730/72,1978-04-27,360.00,27. APR 10937 ★6361021 ★********360.00,1978-11-14,1978.0,Mastfotsbeslag för segelbåtar,typed,1,Patenthavaren,,FALSE,,,,FALSE,FALSE,FALSE,FALSE,,,,,,,,,,,,,,,,,,,,,,,,,,0
361035,C07C 127/12,C07C 127/12,2,Smith Kline & French Laboratories,"Philadelphia, Penn. US",Philadelphia,US,company,typed,Janefeldt m.fl. AB Stockholms patentbyrå,Stockholm,1971-02-02,1988-02-03,1974-01-24,1991-03-15,1991,Lack of payment of fees,12567/71,1990-02-22,13600.00,900222 3 26632 220 361035 13600.00,1990-01-29,1990.0,Förfarande för framställning av karbamidderivat,typed,2,C. Kaisers,S.T. Ross,TRUE,1970-02-17,"US 12,151",US,FALSE,FALSE,TRUE,FALSE,,,,,,,,,,,12567,Smith Kline Beckman Corporation,"Philadelphia, Penn. US",Philadelphia,US,,,,,,,,,,,0
349035,C 07 d 51/70,C07D 51/70,1,Richardson-Merrell SpA,"Florens, Italien",Florens,Italien,company,typed,Brann m.fl.,Brann m.fl.,1966-07-06,1983-07-07,1973-01-04,1977-02-17,1977,Lack of payment of fees,9281/66,1976-06-18,450.00,17JUN **11092 **9319035 *****400.00\n18JUN **14378 10349035 *****450.00,1976-08-06,1976.0,Förfarande för framställning av dibensocykloheptenderivat,typed,3,R. Viterbo,M. Mastursi,TRUE,1965-07-06,486578,USA,FALSE,FALSE,FALSE,FALSE,S. Lembo,,,,,,,,,,,,,,,,,,,,,,,,,0
349037,C 07 d 55/06,C07D 55/06,1,Bayer AG,Leverkusen,Leverkusen,Förbundsrepubliken Tyskland DT,company,typed,Hjärne m. fl.,,1969-08-25,1986-08-26,1973-01-04,1984-03-01,1984,Lack of payment of fees,11783/69,1983-08-03,1500.00,"P-3 AUG 14326 11349037 ***** 1500,00",1983-09-06,1983.0,"1-trityl-1,2,4-triazoler till användning som fungicider",printed,3,K.H. Büchel,F. Grewe,TRUE,1968-08-28,17 95 249,Förbundsrepubliken Tyskland DT,FALSE,FALSE,FALSE,FALSE,H. Kaspers,,,,,,,,,,,,,,,,,,,,,,,,,0
315013,21 a 3:51//10,H04q 3/60,1,Western Electric Company,"New York, N.Y.",New York,USA,company,mixed,N. Larsfeldt,N. Cl.,1960-12-23,1977-12-24,1970-01-08,1974-08-18,1974,Lack of payment of fees,12508/60,1971-10-14,450.00,14-OKT-71  7. S. 4. 2 + 12. 315013 + - 2 **450.00,1974-01-11,1974.0,Telefonledningskoncentratoranläggning,typed,2,J A Harr,T N Lowry,TRUE,1959-12-24,861809,USA,FALSE,FALSE,FALSE,FALSE,,,,,,,,,,,,,,,,,,,,,,,,,,0
226036,,,1,Herr Daniel Wainberg,Montreal,Montreal,Canada,individual,typed,Larfeldt m.fl.,,1964-05-12,1981-05-13,1968-05-22,1979-12-05,1979,Lack of payment of fees,5795/64,,,,1979-06-14,1979.0,Kartong,typed,1,Patenthavaren,,FALSE,,,,FALSE,FALSE,FALSE,FALSE,,,,,,,,,,,,,,,,,,,,,,,,,,0